"name","region","value"
"s","A",-1.31152241139676
"j","A",0.886736147003819
"w","A",-1.22051198236614
"t","A",0.434550377113028
"b","A",-0.886436716416801
