"name","region","value"
"n","C",-0.599608327943981
"r","C",-0.151395962335781
"l","C",-0.163930968642975
"h","C",0.403631455697291
